"Post ID",Title,URLs,Categories
,"[CDMO LIST] China&#039;s top 20 cdmo enterprises in 2020 &quot;is released grandly!",https://www.biofda.com/?p=4739,
,"&quot;Peptide&quot; and &quot;lie Jing&quot; in hypoglycemic drugs can not only reduce blood sugar, but also protect cardiovascular system",https://www.biofda.com/?p=5748,
,"2.0 mg somaluptide once a week can significantly reduce HbA1c in patients with type 2 diabetes mellitus",https://www.biofda.com/?p=5817,
,"2020 Merry Christmas——shengnuo biotechnology",https://www.biofda.com/?p=6335,
,"About Us",https://www.biofda.com/?page_id=47,
,"Acetyl Decapeptide-3",https://www.biofda.com/?page_id=7483,
,"Acetyl Dipeptide-1 Cetyl Ester",https://www.biofda.com/?page_id=7460,
,"Acetyl dipeptide-3 aminohexanoate",https://www.biofda.com/?page_id=7463,
,"Acetyl Hexapeptide-1",https://www.biofda.com/?page_id=7247,
,"Acetyl Hexapeptide-18",https://www.biofda.com/?page_id=7523,
,"Acetyl Hexapeptide-22",https://www.biofda.com/?page_id=7526,
,"Acetyl Hexapeptide-3",https://www.biofda.com/?page_id=7253,
,"Acetyl Hexapeptide-30",https://www.biofda.com/?page_id=7392,
,"Acetyl Hexapeptide-37",https://www.biofda.com/?page_id=7466,
,"Acetyl Hexapeptide-38",https://www.biofda.com/?page_id=7389,
,"Acetyl Hexapeptide-39",https://www.biofda.com/?page_id=7412,
,"Acetyl Hexapeptide-49",https://www.biofda.com/?page_id=7409,
,"Acetyl Hexapeptide-51",https://www.biofda.com/?page_id=7451,
,"Acetyl Octapeptide-3",https://www.biofda.com/?page_id=7228,
,"Acetyl pentapeptide-1",https://www.biofda.com/?page_id=7469,
,"Acetyl Tetrapeptide-15",https://www.biofda.com/?page_id=7514,
,"Acetyl Tetrapeptide-2",https://www.biofda.com/?page_id=7377,
,"Acetyl Tetrapeptide-3",https://www.biofda.com/?page_id=7374,
,"Acetyl Tetrapeptide-40",https://www.biofda.com/?page_id=7383,
,"Acetyl Tetrapeptide-5",https://www.biofda.com/?page_id=7337,
,"Acetyl Tetrapeptide-9",https://www.biofda.com/?page_id=7380,
,"Acute coronary syndrome Eptifibatide",https://www.biofda.com/?page_id=1991,
,"Acute decompensated heart failure，ADHF Acute onset of heart failure in the rescue treatment Levosimendan",https://www.biofda.com/?page_id=2020,
,aFGF，sh-polypeptide-11,https://www.biofda.com/?page_id=7505,
,AHK-cu,https://www.biofda.com/?page_id=7321,
,"Alarelin Acetate",https://www.biofda.com/?page_id=4767,
,"All Peptide APIs",https://www.biofda.com/?page_id=2361,
,"Angiotensin Acetate",https://www.biofda.com/?page_id=5097,
,"API of the first China API Conference",https://www.biofda.com/?p=4137,
,"Application of linker peptide solid phase synthesis",https://www.biofda.com/?p=5053,
,"Are you a little sugar man?",https://www.biofda.com/?p=6145,
,"Argipressin Acetate",https://www.biofda.com/?page_id=5134,
,"Argireline Acetate（Acetyl Hexapeptide-3）",https://www.biofda.com/?page_id=5295,
,"Article contents page",https://www.biofda.com/?page_id=2715,
,Astressin-B,https://www.biofda.com/?page_id=7256,
,"At present, the market capacity of the global peptide industry is increasing year by year",https://www.biofda.com/?p=6205,
,Atosiban,https://www.biofda.com/?page_id=1575,
,"Atosiban Acetate",https://www.biofda.com/?page_id=5138,
,"Atosiban Acetate Injection",https://www.biofda.com/?page_id=147,
,"Atosiban Acetate Injection&#8211;1",https://www.biofda.com/?page_id=164,
,"Azelaoyl Bis-Dipeptide-10",https://www.biofda.com/?page_id=7259,
,"Basic knowledge of polypeptide",https://www.biofda.com/?page_id=3702,
,"Basic knowledge of polypeptide",https://www.biofda.com/?p=4006,
,"Basic knowledge of polypeptide",https://www.biofda.com/?p=4092,
,"Basic principles of antigen peptide design",https://www.biofda.com/?p=4019,
,"Benzylsulfonyl D-Seryl Homophenylalanine Amidinobenzamide Acetate",https://www.biofda.com/?page_id=7263,
,"Best peptides Chengdu shengnuo biopharmaceutical Co., Ltd. has more than 20 invention patents authorized. With its excellent multi skin synthesis and modification key technology, it has become the leader of domestic multi skin industry.",https://www.biofda.com/?p=3191,
,"Best peptides Global Carbetocin Injection Industry Research Report, Growth Trends and Competitive Analysis 2020-2026",https://www.biofda.com/?p=3050,
,"Best peptides Lower adsorption + gold standard peptide bioanalysis of two big protection!",https://www.biofda.com/?p=2879,
,"Best peptides New product &#8212; a powerful tool for drug research and development &#8212; polypeptide",https://www.biofda.com/?p=2881,
,"Best peptides Salute the heroes of the epidemic, the Chinese people will never be crushed",https://www.biofda.com/?p=3095,
,bFGF，sh-polypeptide-1,https://www.biofda.com/?page_id=7499,
,"Binding antibiotics and peptides can eliminate leishmaniasis caused by parasites",https://www.biofda.com/?p=4087,
,"Biotinoyl Tripeptide-1",https://www.biofda.com/?page_id=7386,
,Bivalirudin,https://www.biofda.com/?page_id=1070,
,"Boc-Amino Acids-Merrifield Resin",https://www.biofda.com/?page_id=5325,
,"Boc-Amino Acids-Pam Resin",https://www.biofda.com/?page_id=5329,
,"Brief introduction of high performance liquid chromatography (HPLC) for protein and peptide purification",https://www.biofda.com/?p=4121,
,"Buserelin Acetate",https://www.biofda.com/?page_id=5272,
,"Buy peptides china&#8211;Shengnuo Biotechnology The best china peptide manufacturer",https://www.biofda.com/?p=3193,
,"Buy peptides Expert of polypeptide branch of China Biopharmaceutical Industry Association",https://www.biofda.com/?p=3554,
,"Buy peptides Lecture hall of polypeptide knowledge",https://www.biofda.com/?p=3533,
,"Buy peptides Market development of polypeptide API industry in China in 2020",https://www.biofda.com/?p=3546,
,"Buy peptides Notes on purchasing polypeptide purification equipment",https://www.biofda.com/?p=3531,
,"Buy peptides polypeptide raw materials with unit price far higher than gold will be sold to Europe and America",https://www.biofda.com/?p=3561,
,"Buy peptides QuiaPEG signs option deal with Chengdu Shengnuo Biopharm Co",https://www.biofda.com/?p=3548,
,"Buy peptides The global peptide drug market is growing rapidly, and the competitiveness of domestic enterprises is constantly improving",https://www.biofda.com/?p=3563,
,"Buy peptides The research and development of innovative peptide drugs is active and the demand is strong",https://www.biofda.com/?p=3559,
,"Buy peptides there are 5 us-dmf of peptide apis",https://www.biofda.com/?p=3544,
,"Buy peptides Thymalfasin for Injection Market 2020 Research Report With COVID-19 Update, Growth Strategy and Industry Development to 2026",https://www.biofda.com/?p=3056,
,"Calctonin Acetate（Salmon）",https://www.biofda.com/?page_id=2754,
,"Can the pioneers in peptide field be recognized by the market?",https://www.biofda.com/?p=6016,
,"Cancer treatment black technology! Peptide preparation will become the next &quot;big variety&quot;?",https://www.biofda.com/?p=4009,
,"Caprooyl Tetrapeptide-3",https://www.biofda.com/?page_id=7401,
,Carbetocin,https://www.biofda.com/?page_id=1573,
,"Carbetocin Injection",https://www.biofda.com/?page_id=149,
,Carnosine,https://www.biofda.com/?page_id=7477,
,"CEM launches breakthrough microwave peptide synthesis technology",https://www.biofda.com/?p=6438,
,Cetrorelix,https://www.biofda.com/?page_id=1587,
,"Cetrorelix Acetate",https://www.biofda.com/?page_id=5147,
,"cGMP Peptide API Plants",https://www.biofda.com/?page_id=675,
,"Chemical synthesis of peptide raw materials",https://www.biofda.com/?p=4031,
,"Chemical synthesis of polypeptide",https://www.biofda.com/?p=4164,
,"Chengdu Kaijie bio medicine Peptide API",https://www.biofda.com/?page_id=3197,
,"Chengdu Kaijie Biomedical Technology Development Co., Ltd",https://www.biofda.com/?page_id=3204,
,"Chengdu Kaijie Biomedical Technology Development Co., Ltd. e2b28",https://www.biofda.com/?p=3588,
,"Chengdu Kaijie Biomedical Technology Development Co., Ltd. is a high-tech enterprise specialized in peptide drug production and research and development",https://www.biofda.com/?p=4028,
,"Chengdu Kaijie Peptide APIs Picture Album",https://www.biofda.com/?page_id=5670,
,"Chengdu shengnuo bio technology is powerful, 200% of antithrombotic injection is the first to comment",https://www.biofda.com/?p=6110,
,"Chengdu Shengnuo Bio-peptide Technology Co.,Ltd",https://www.biofda.com/?page_id=3068,
,"Chengdu Shengnuo Biotechnology Co., Ltd Corporate news",https://www.biofda.com/?page_id=1100,
,"Chengdu Shengnuo Biotechnology Co., Ltd. is a high-tech enterprise with the core technology of peptide synthesis and modification",https://www.biofda.com/?p=6265,
,"Chengdu shengnuo biotechnology Innovation Board IPO passed!",https://www.biofda.com/?p=6077,
,"Chengdu Shengnuo Biotechnology Innovation Board passed",https://www.biofda.com/?p=6075,
,"Chengdu shengnuo biotechnology IPO meeting, science and technology innovation board listed",https://www.biofda.com/?page_id=5894,
,"Chengdu shengnuo technology, China&#039;s top 20 cro R &amp; D 2020, ranked 11th!",https://www.biofda.com/?p=4754,
,"China International polypeptide conference is being held in Hefei",https://www.biofda.com/?p=4013,
,"Chinese cGMP APIs",https://www.biofda.com/?page_id=793,
,"Chinese cGMP APIs&#8211;Polypeptide APIs",https://www.biofda.com/?page_id=1327,
,"Chinese peptide company &quot;Rush purchase&quot; of Chinese api",https://www.biofda.com/?p=3576,
,"Chinese peptide company Aiming at the expiration of the patent of global polypeptide blockbuster, shengnuo biotechnology wants to seize the track with the help of scientific and technological innovation board",https://www.biofda.com/?p=3578,
,"Chinese peptide company Biopharmaceutical industry seeks &quot;new outlet&quot; and invites Lanzhou, a big pharmaceutical figure, to &quot;discuss Swords&quot;",https://www.biofda.com/?p=3581,
,"Chinese peptide company China&#039;s role in global generic drug supply chain",https://www.biofda.com/?p=3591,
,"Chinese peptide company Consideration of research and development and consistency evaluation of polypeptide generic drugs",https://www.biofda.com/?p=3570,
,"Chinese peptide company Peptide Market Analysis",https://www.biofda.com/?p=3584,
,"Chinese peptide company Ranking of peptide enterprises in China",https://www.biofda.com/?p=3565,
,"Chinese peptide company shengnuo biopharmaceutical: it has been listed in the market for three times, and many polypeptide APIs have been certified by GMP",https://www.biofda.com/?p=3594,
,CJC-1295,https://www.biofda.com/?page_id=5268,
,"Clinical experience of liraglutide",https://www.biofda.com/?p=6444,
,"Combination of skin care concept and peptide technology",https://www.biofda.com/?p=6002,
,"Common modifications in peptide synthesis",https://www.biofda.com/?p=4130,
,"Common problems in peptide synthesis",https://www.biofda.com/?p=4457,
,"Company profile",https://www.biofda.com/?page_id=3572,
,"Contact Us",https://www.biofda.com/?page_id=277,
,"Copper Tripeptide-1",https://www.biofda.com/?page_id=7269,
,"Corporate Culture",https://www.biofda.com/?page_id=1281,
,"Custom peptide National Fitness Day Zhong Nanshan fitness strategy: Turning exercise into a habit",https://www.biofda.com/?p=2871,
,"Custom peptide Peptide drug API Market &#8212; cro, CMO, API three echelons",https://www.biofda.com/?p=2886,
,"Custom peptide Peptide is hard! Oligopeptide? Polypeptide? Peptide? It&#039;s too stupid to tell!",https://www.biofda.com/?p=2873,
,"Custom peptide Polypeptide drugs: from &quot;old poison&quot; but &quot;Huang Yaoshi&quot;",https://www.biofda.com/?p=2877,
,"Custom Peptide Synthesis",https://www.biofda.com/?page_id=1176,
,"Custom peptide What is the process flow of polypeptide beverage food processing plant?",https://www.biofda.com/?p=3092,
,"Custom peptides in life: application of peptides in beauty",https://www.biofda.com/?p=4102,
,"Customer Reviews",https://www.biofda.com/?page_id=2789,
,Decapeptide-10,https://www.biofda.com/?page_id=7430,
,Decapeptide-12,https://www.biofda.com/?page_id=7232,
,Decapeptide-18,https://www.biofda.com/?page_id=7433,
,Decapeptide-4,https://www.biofda.com/?page_id=7517,
,"Decarboxy Carnosine HCl",https://www.biofda.com/?page_id=7266,
,Degarelix,https://www.biofda.com/?page_id=1581,
,"Deslorelin Acetate",https://www.biofda.com/?page_id=5151,
,"Desmopressin Acetate",https://www.biofda.com/?page_id=2750,
,"Development History",https://www.biofda.com/?page_id=1274,
,"Development status of polypeptide drugs",https://www.biofda.com/?p=4441,
,"Diabetes mellitus Liraglutide （Victoza, Saxenda）",https://www.biofda.com/?page_id=2011,
,Dipeptide,https://www.biofda.com/?page_id=7424,
,"Dipeptide Diaminobutyroyl Benzylamide Diacetate",https://www.biofda.com/?page_id=7349,
,Dipeptide-2,https://www.biofda.com/?page_id=7480,
,"Dipeptide-2+Palmitoyl Tetrapeptide-7",https://www.biofda.com/?page_id=7331,
,"Direct thrombin inhibitor Bivalirudin",https://www.biofda.com/?page_id=1998,
,"Discussion on the cyclization of polypeptides containing RGD sequences Cyclization strategy, allyl and DMAB comparison",https://www.biofda.com/?p=6012,
,"Download List",https://www.biofda.com/?page_id=1428,
,"Download professional report of polypeptide industry",https://www.biofda.com/?page_id=3059,
,Drp-Tripeptide-33,https://www.biofda.com/?page_id=7457,
,"Effect and effect of glutathione on skin",https://www.biofda.com/?p=5956,
,"EGF,human oligopeptide-1,Sh-Oligopeptide-1",https://www.biofda.com/?page_id=7496,
,"Elcatonin Acetate",https://www.biofda.com/?page_id=5156,
,Enfuvirtide,https://www.biofda.com/?page_id=1565,
,"Enfuvirtide Acetate",https://www.biofda.com/?page_id=5162,
,"Enfuvirtide for injection",https://www.biofda.com/?page_id=157,
,Eptifibatide,https://www.biofda.com/?page_id=1505,
,"Eptifibatide Acetate",https://www.biofda.com/?page_id=5166,
,Exenatide,https://www.biofda.com/?page_id=1583,
,"Exenatide Acetate",https://www.biofda.com/?page_id=5170,
,"Exploring the new journey of pharmaceutical industry of the year, Sinochem participated in the 20th CPHI China",https://www.biofda.com/?p=6206,
,"Factors affecting the synthesis of cyclic peptide in solid phase synthesis: peptide sequence and temperature",https://www.biofda.com/?p=5742,
,FAQ,https://www.biofda.com/?page_id=658,
,"Filing of articles",https://www.biofda.com/?page_id=2704,
,"Fmoc-Amino Acids Wang Resins",https://www.biofda.com/?page_id=5333,
,"Fmoc-Amino Acids-2-Chlorotrityl Resin",https://www.biofda.com/?page_id=5338,
,"Friendship Link",https://www.biofda.com/?page_id=877,
,Ganirelix,https://www.biofda.com/?page_id=1579,
,"Generic Peptides of Shengnuo Biotechnology",https://www.biofda.com/?page_id=2559,
,"Generic Polypeptides",https://www.biofda.com/?page_id=2456,
,GHK-cu,https://www.biofda.com/?page_id=7324,
,"Ghrelin(Human) Acetate",https://www.biofda.com/?page_id=5280,
,"GHRP-2 Acetate",https://www.biofda.com/?page_id=5299,
,"GHRP-6 Acetate",https://www.biofda.com/?page_id=5303,
,"Global API orders or transfer to China",https://www.biofda.com/?p=3567,
,GLP-1(7-36),https://www.biofda.com/?page_id=5174,
,"Glucagon Acetate",https://www.biofda.com/?page_id=5178,
,"Glucagon Acetate",https://www.biofda.com/?page_id=2765,
,Glutathione,https://www.biofda.com/?page_id=7511,
,"GMP-Grade peptide",https://www.biofda.com/?page_id=1787,
,"GnRH antagonist Ganirelix Acetate",https://www.biofda.com/?page_id=1995,
,"Go to the exam! shengnuo biotechnology will be reviewed on the scientific innovation board on December 11",https://www.biofda.com/?p=6073,
,"Gonadorelin Acetate",https://www.biofda.com/?page_id=5181,
,"Guide to The Procurement of Polypeptide APIs",https://www.biofda.com/?page_id=1754,
,"HAE (hereditary angiodysplasia) Icatibant Acetate",https://www.biofda.com/?page_id=2002,
,"Happy weight loss + 85% reverse diabetes, Semaglutide week preparation ushered in a major breakthrough? &#124;Research express",https://www.biofda.com/?p=5814,
,"Helping China&#039;s new drug research and development move towards the international arena",https://www.biofda.com/?p=4749,
,"Hexanoyl Dipeptide-3 Norleucine Acetate",https://www.biofda.com/?page_id=7296,
,Hexapeptide-10,https://www.biofda.com/?page_id=7225,
,Hexapeptide-11,https://www.biofda.com/?page_id=7395,
,Hexapeptide-2,https://www.biofda.com/?page_id=7427,
,Hexapeptide-9,https://www.biofda.com/?page_id=7244,
,"High Quality Affecting Immune Polypeptide Manufacturers",https://www.biofda.com/?page_id=5359,
,"High quality peptides  A simple summary of polypeptide products",https://www.biofda.com/?p=2606,
,"High quality peptides  Global CMO / CDMO",https://www.biofda.com/?p=2604,
,"High quality peptides Chengdu shengnuo biopharmaceutical Co., Ltd",https://www.biofda.com/?p=2772,
,"High quality peptides Chengdu shengnuo biopharmaceutical Co., Ltd is one of the leaders in the field of polypeptide drugs in China",https://www.biofda.com/?p=2748,
,"High quality peptides East China Science and technology has made important progress in peptide based chiral ring nanostructures self-assembly",https://www.biofda.com/?p=2742,
,"High quality peptides Peptide CMO / CDMO",https://www.biofda.com/?p=2601,
,"High quality peptides Rapid growth of peptide drug market",https://www.biofda.com/?p=2608,
,"High quality peptides Research progress in peptide separation and analysis",https://www.biofda.com/?p=2785,
,"High quality peptides Science: polypeptide migration is essential for seed development",https://www.biofda.com/?p=2740,
,"High quality peptides Shengnuo Biotechnology Main products: thymopentin, somatostatin, polypeptide",https://www.biofda.com/?p=2745,
,"HIV fusion depressants Enfuvirtide",https://www.biofda.com/?page_id=2016,
,Home,https://www.biofda.com/,
,"How did peptide synthesis develop",https://www.biofda.com/?p=4454,
,"how does Yaoshi technology switch from building block to cdmo mode?",https://www.biofda.com/?p=4145,
,"How to estimate the retention time of unmodified peptides in RPLC",https://www.biofda.com/?p=5050,
,"How to solve the technical bottleneck of peptide drug research and development?",https://www.biofda.com/?p=6014,
,"I want to make an inquiry",https://www.biofda.com/?page_id=2431,
,Icatibant,https://www.biofda.com/?page_id=1079,
,"Immunomodulatory drugs Thymofasin",https://www.biofda.com/?page_id=1988,
,"Information of pharmaceutical raw materials exhibition in 2020",https://www.biofda.com/?page_id=1867,
,"Information summary of international pharmaceutical raw materials exhibition",https://www.biofda.com/?page_id=1855,
,"Kaijie Biomedical Technology",https://www.biofda.com/?page_id=3210,
,"Kaijie Biomedical Technology Historical",https://www.biofda.com/?page_id=3238,
,"Key factors for the industrialization of thymopentin",https://www.biofda.com/?p=6036,
,KGF，sh-polypeptide-3,https://www.biofda.com/?page_id=7508,
,Lanreotide Acetate,https://www.biofda.com/?page_id=1984,
,"Leading enterprise of polypeptide drugs in China",https://www.biofda.com/?page_id=5860,
,"Leuprorelin Acetate",https://www.biofda.com/?page_id=5185,
,"Leuprorelin Acetate（Leuprolide）",https://www.biofda.com/?page_id=2760,
,Levosimendan,https://www.biofda.com/?page_id=1547,
,"Levosimendan Injection",https://www.biofda.com/?page_id=167,
,Linaclotide,https://www.biofda.com/?page_id=1577,
,"Lipopeptide Acetate",https://www.biofda.com/?page_id=5307,
,Liraglutide,https://www.biofda.com/?page_id=1082,
,"Liraglutide can promote the secretion, proliferation and regeneration of islet cells, inhibit appetite, reduce weight, blood pressure and lipid",https://www.biofda.com/?p=6440,
,"Liraglutide recommended for obesity treatment",https://www.biofda.com/?p=6442,
,"List of commonly used beauty peptides in 2021",https://www.biofda.com/?page_id=6911,
,"Lysipressin Acetate",https://www.biofda.com/?page_id=5189,
,"Magic bioactive peptides: relationship with Nobel Prize",https://www.biofda.com/?p=5958,
,"Makes Shengnuo an ideal global peptide partner",https://www.biofda.com/?page_id=3655,
,"Many professional websites have made an analysis of the article about thmalfasin for injection, which introduces our company shengnuo bio.",https://www.biofda.com/?page_id=1155,
,"Matrixyl Acetate(Palmitoyl Pentapeptide)",https://www.biofda.com/?page_id=5313,
,MelanotanⅡAcetate,https://www.biofda.com/?page_id=5317,
,"Mexico Registered APIs",https://www.biofda.com/?page_id=806,
,"MOG (35-55)",https://www.biofda.com/?page_id=5276,
,"Myristoyl Hexapeptide-16",https://www.biofda.com/?page_id=7365,
,"Myristoyl Hexapeptide-23",https://www.biofda.com/?page_id=7489,
,"Myristoyl Hexapeptide-4",https://www.biofda.com/?page_id=7445,
,"Myristoyl Pentapeptide-17",https://www.biofda.com/?page_id=7362,
,"Myristoyl Pentapeptide-8",https://www.biofda.com/?page_id=7343,
,"Myristoyl Tetrapeptide-12",https://www.biofda.com/?page_id=7359,
,"Nature as a general bone graft material",https://www.biofda.com/?p=5822,
,"Nesiritide Acetate",https://www.biofda.com/?page_id=5193,
,News,https://www.biofda.com/?page_id=45,
,"News reports and related activities",https://www.biofda.com/?page_id=1061,
,"Nicotinoyl Tripeptide-1",https://www.biofda.com/?page_id=7275,
,Nonapeptide-1,https://www.biofda.com/?page_id=7238,
,Octapeptide-2,https://www.biofda.com/?page_id=7474,
,Octreotide,https://www.biofda.com/?page_id=1085,
,"Octreotide Acetate",https://www.biofda.com/?page_id=5197,
,"OctreotideAcetate Injection",https://www.biofda.com/?page_id=132,
,Oligopeptide-10,https://www.biofda.com/?page_id=7492,
,Oligopeptide-104,https://www.biofda.com/?page_id=7278,
,Oligopeptide-24,https://www.biofda.com/?page_id=7486,
,Oligopeptide-34,https://www.biofda.com/?page_id=7439,
,Oligopeptide-51,https://www.biofda.com/?page_id=7442,
,Oligopeptide-54,https://www.biofda.com/?page_id=7436,
,Oligopeptide-68,https://www.biofda.com/?page_id=7371,
,"Opportunities and challenges of raw material preparation integration in post epidemic situation",https://www.biofda.com/?p=4140,
,"Oxytocin Acetate",https://www.biofda.com/?page_id=5201,
,"Palmitoyl Dipeptide-5 Diaminobutyroyl Hydroxythreonine",https://www.biofda.com/?page_id=7353,
,"Palmitoyl Dipeptide-5 Diaminohydroxybutyrate",https://www.biofda.com/?page_id=7281,
,"Palmitoyl Dipeptide-5 Diaminohydroxybutyrate",https://www.biofda.com/?page_id=7356,
,"Palmitoyl Hexapeptide-12",https://www.biofda.com/?page_id=7311,
,"Palmitoyl Oligopeptide",https://www.biofda.com/?page_id=7284,
,"Palmitoyl Pentapeptide-4",https://www.biofda.com/?page_id=7206,
,"Palmitoyl Tetrapeptide-1",https://www.biofda.com/?page_id=7327,
,"Palmitoyl Tetrapeptide-20",https://www.biofda.com/?page_id=7287,
,"Palmitoyl Tetrapeptide-7",https://www.biofda.com/?page_id=7222,
,"Palmitoyl Tetrapeptide-7+Palmitoyl Oligopeptide",https://www.biofda.com/?page_id=7334,
,"Palmitoyl Tripeptide-38",https://www.biofda.com/?page_id=7454,
,"Palmitoyl Tripeptide-5",https://www.biofda.com/?page_id=7241,
,"Palmitoyl Tripeptide-8",https://www.biofda.com/?page_id=7406,
,"Participating in the 20th CPHI China to explore the new journey of annual pharmaceutical industry",https://www.biofda.com/?p=6130,
,"Pass all kinds of official and customer certification inspection",https://www.biofda.com/?page_id=738,
,Pentapeptide-18,https://www.biofda.com/?page_id=7340,
,Pentapeptide-3,https://www.biofda.com/?page_id=7346,
,Pentapeptide-52,https://www.biofda.com/?page_id=7290,
,Pentapeptide-53,https://www.biofda.com/?page_id=7293,
,"Peptide APIs and preparations with large market capacity and strong competitiveness",https://www.biofda.com/?page_id=6500,
,"Peptide application scenarios",https://www.biofda.com/?page_id=3711,
,"Peptide bulk drug How about thymus method to enhance immunity",https://www.biofda.com/?p=1250,
,"Peptide bulk drug Operating principle of peptide synthesizer",https://www.biofda.com/?p=1491,
,"Peptide bulk drug Peptide synthesis",https://www.biofda.com/?p=1393,
,"Peptide bulk drug Peptides: Classification, Preparation and Its Study",https://www.biofda.com/?p=1268,
,"Peptide bulk drug Prospect and Prospect of peptide medicine industry",https://www.biofda.com/?p=1059,
,"Peptide bulk drug Shengnuo Peptide Your Global Peptide Partner",https://www.biofda.com/?p=1161,
,"Peptide bulk drug Target of polypeptide drugs",https://www.biofda.com/?p=1033,
,"Peptide bulk drug The relationship between peptide and gout and rheumatism",https://www.biofda.com/?p=1312,
,"Peptide bulk drug Thymalfasin for Injection Market, Share, Application Analysis, Regional Outlook, Competitive Strategies &amp; Forecast up to 2025",https://www.biofda.com/?p=1103,
,"Peptide bulk drug Types of peptide synthesizers",https://www.biofda.com/?p=1397,
,"Peptide design: peptide drug design targeting MDM2-p53 interaction interface",https://www.biofda.com/?p=5826,
,"Peptide Development Vision",https://www.biofda.com/?page_id=899,
,"Peptide drug API Market &#8212; CRO, CMO, API three echelons",https://www.biofda.com/?p=4022,
,"Peptide drug manufacturers hit the start of sci tech Innovation Board",https://www.biofda.com/?p=6005,
,"Peptide drug products, market situation and development trend analysis",https://www.biofda.com/?p=5524,
,"Peptide drugs have attracted more and more attention due to its short R &amp; D cycle and low cost",https://www.biofda.com/?p=6000,
,"Peptide is important: protein enters peptide era, peptide supplement = life supplement",https://www.biofda.com/?p=5810,
,"Peptide other related information page",https://www.biofda.com/?page_id=928,
,"Peptide preparation A magic mitochondrial polypeptide has been discovered! It can prolong the life span and reduce the risk of Alzheimer&#039;s disease",https://www.biofda.com/?p=1946,
,"Peptide preparation Allogeneic immune response induced by polypeptides derived from donor mitochondrial DNA",https://www.biofda.com/?p=1951,
,"Peptide preparation Don&#039;t inhibit the peptide that can reduce HIV infection only by binding, have you ever thought about it?",https://www.biofda.com/?p=1941,
,"Peptide preparation Innovative peptide drugs are favored by the market",https://www.biofda.com/?p=1958,
,"Peptide preparation New product &#8212; a powerful tool for drug research and development &#8212; polypeptide",https://www.biofda.com/?p=1964,
,"Peptide preparation Science sub: m3mp6 peptide loaded nanoparticles are expected to treat heart disease",https://www.biofda.com/?p=1956,
,"Peptide preparation Shengnuo biotechnology is a large-scale professional polypeptide pharmaceutical enterprise",https://www.biofda.com/?p=1939,
,"Peptide preparation The next era of polypeptide industry &#8212; focusing on the development of polypeptide industry in the future",https://www.biofda.com/?p=1936,
,"Peptide preparation Therapeutic effect of CXCR4 antagonistic peptide nanomicelles on refractory acute myeloid leukemia",https://www.biofda.com/?p=1949,
,"Peptide preparation Welcome the wind? It is enough to read this article about domestic polypeptide cdmo",https://www.biofda.com/?p=1934,
,"Peptide production capacity",https://www.biofda.com/?page_id=3728,
,"Peptide Products",https://www.biofda.com/?page_id=1199,
,"Peptide products have rapidly become the new favorite of raw materials in the international market",https://www.biofda.com/?p=4025,
,"Peptide raw material order",https://www.biofda.com/?page_id=5895,
,"Peptide Research Subcellular localization of GFP",https://www.biofda.com/?p=483,
,"Peptide synthesis &amp; modification core technology",https://www.biofda.com/?page_id=6487,
,"Peptide synthesis knowledge grocery store side chain protection group, synthesis detection",https://www.biofda.com/?p=4123,
,"Peptide synthesis methods",https://www.biofda.com/?p=4446,
,"Peptide use cases",https://www.biofda.com/?page_id=3734,
,"Peptides for sale Beijing Shuanglu pharmaceutical liraglutide injection approved",https://www.biofda.com/?p=3217,
,"Peptides for sale Chengdu Shengnuo Biopharm Co L T D FDA Filings",https://www.biofda.com/?p=3432,
,"Peptides for sale Industrial production of polypeptide API by solid phase synthesis",https://www.biofda.com/?p=2884,
,"Peptides for sale Investigation on Vocational Education in Chengdu shengnuo biopharmaceutical Co., Ltd",https://www.biofda.com/?p=3195,
,"Peptides for sale Quiapeg Pharmaceuticals tecknar optionsaval med Chengdu Shengnuo Biopharm",https://www.biofda.com/?p=3437,
,"Peptides for sale Rapid growth of peptide drug market and continuous improvement of competitiveness of Chinese Enterprises",https://www.biofda.com/?p=3090,
,"Peptides for sale Shengnuo Biotechnology FDA Inspection",https://www.biofda.com/?p=3047,
,"Peptides for sale The 16th China International polypeptide Conference",https://www.biofda.com/?p=3427,
,"Peptides for sale Trending Now: Global Carbetocin Injection Market Grow at Exceptional Rate During 2020 to 2026 – QYR &#124;, Chengdu Shengnuo Biotechnology",https://www.biofda.com/?p=3053,
,"Photos of polypeptide Exhibition",https://www.biofda.com/?page_id=3747,
,"Polypeptide API Application",https://www.biofda.com/?page_id=609,
,"Polypeptide API Products",https://www.biofda.com/?page_id=39,
,"Polypeptide APIS Basic principles of peptide synthesis?",https://www.biofda.com/?p=1493,
,"Polypeptide APIs CMC Service",https://www.biofda.com/?page_id=754,
,"Polypeptide APIs Custom Services",https://www.biofda.com/?page_id=1188,
,"Polypeptide APIs have been busy shipping recently, thanks to the trust of buyers from all over the world",https://www.biofda.com/?p=4154,
,"Polypeptide APIS New development direction of peptide drugs binding peptides",https://www.biofda.com/?p=1915,
,"Polypeptide APIS Other peptide synthesis methods",https://www.biofda.com/?p=1495,
,"Polypeptide APIs Production Capacity",https://www.biofda.com/?page_id=680,
,"Polypeptide APIS Publicity: announcement of environmental protection acceptance of the technical transformation project of waste solvent comprehensive utilization in modern biotechnology peptide medicine industrialization base",https://www.biofda.com/?p=1747,
,"Polypeptide APIS Solid phase synthesis of polypeptide",https://www.biofda.com/?p=1852,
,"Polypeptide APIS Synthetic polypeptide",https://www.biofda.com/?p=1685,
,"Polypeptide APIS The birth of peptide synthesizer",https://www.biofda.com/?p=1881,
,"Polypeptide APIS This is an excellent drug molecular family",https://www.biofda.com/?p=1919,
,"Polypeptide APIS What are the functions and effects of peptides? These three are the most common",https://www.biofda.com/?p=1927,
,"Polypeptide APIS What is polypeptide? What you need to know about the development and importance of peptides",https://www.biofda.com/?p=1891,
,"Polypeptide Bulk Drug",https://www.biofda.com/?page_id=425,
,"Polypeptide classification",https://www.biofda.com/?page_id=3719,
,"Polypeptide drug substance",https://www.biofda.com/?page_id=3708,
,"Polypeptide drugs Brief introduction of peptide synthesis and Application",https://www.biofda.com/?p=1972,
,"Polypeptide drugs Important research achievements focus on new progress in the field of peptide drug molecular research!",https://www.biofda.com/?p=2054,
,"Polypeptide drugs In retrospect of Nightingale values, quality is the core standard of production practice",https://www.biofda.com/?p=2097,
,"Polypeptide drugs Shengnuo Bio-Pharmaceutical Co., Ltd. All Peptide APIs",https://www.biofda.com/?p=2395,
,"Polypeptide drugs Shengnuo Biotechnolog  IPO was finally accepted",https://www.biofda.com/?p=2095,
,"Polypeptide drugs The application of Shengnuo Biotechnology has been inquired by the Shanghai Stock Exchange",https://www.biofda.com/?p=2090,
,"Polypeptide drugs The world&#039;s first drug for achondroplasia! Biomin&#039;s C-type natriuretic peptide analogue vosoritide applied for listing in EU!",https://www.biofda.com/?p=2056,
,"Polypeptide drugs What is peptide?",https://www.biofda.com/?p=2068,
,"Polypeptide drugs will enter the golden development stage with favorable policies and technologies",https://www.biofda.com/?p=4096,
,"Polypeptide drugs World Hepatitis Day: creating a future without hepatitis",https://www.biofda.com/?p=2034,
,"Polypeptide drugs World population day",https://www.biofda.com/?p=2031,
,"Polypeptide generic manufacturer，Enterprise situation of Shengnuo Biotechnology",https://www.biofda.com/?page_id=2562,
,"Polypeptide generics",https://www.biofda.com/?page_id=3713,
,"polypeptide manufacturers Do you know the relationship between amino acids, peptides and proteins?",https://www.biofda.com/?p=956,
,"polypeptide manufacturers Here comes the guideline for clinical trial design of biological analogues for Liraglutide injection",https://www.biofda.com/?p=911,
,"polypeptide manufacturers Peptide knowledge lecture",https://www.biofda.com/?p=810,
,"polypeptide manufacturers Polypeptide drugs",https://www.biofda.com/?p=1027,
,"polypeptide manufacturers Rapid growth of peptide drug market",https://www.biofda.com/?p=855,
,"polypeptide manufacturers Scientists have discovered that peptides can be synthesized without amino acids, which is expected to answer the mystery of the origin of life",https://www.biofda.com/?p=751,
,"polypeptide manufacturers The instruction manual of lilaiduolapeptide is updated, becoming the first major cardiovascular adverse event in type 2 diabetes patients with &quot;prevention + treatment&quot;",https://www.biofda.com/?p=954,
,"polypeptide manufacturers What are the four most common functions of peptides",https://www.biofda.com/?p=776,
,"polypeptide manufacturers What is the effect of polypeptide on the skin? Listen to the voice",https://www.biofda.com/?p=758,
,"polypeptide manufacturers What kinds of polypeptides are there",https://www.biofda.com/?p=799,
,"Polypeptide ordering Guide",https://www.biofda.com/?page_id=3737,
,"Polypeptide Preparation",https://www.biofda.com/?page_id=1335,
,"Polypeptide production A review of six popular polypeptide drugs",https://www.biofda.com/?p=2597,
,"Polypeptide production Advantages of peptides",https://www.biofda.com/?p=2071,
,"Polypeptide production Consideration of research and development and consistency evaluation of polypeptide generic drugs",https://www.biofda.com/?p=2590,
,"Polypeptide production Design of structure-based insulin aggregation peptide inhibitor based on jcim",https://www.biofda.com/?p=2099,
,"Polypeptide production FDA issued another statement on low-cost bio generic drugs: chemical synthetic peptides are no longer excluded!",https://www.biofda.com/?p=2599,
,"Polypeptide production Peptide Market Analysis",https://www.biofda.com/?p=2595,
,"Polypeptide production Professor Qin Chuanguang of Northwestern Polytechnic University has made important progress in the field of peptide synthesis",https://www.biofda.com/?p=2875,
,"Polypeptide production QuiaPEG sluter optionsavtal med Chengdu Shengnuo Biopharm Co.",https://www.biofda.com/?p=2621,
,"Polypeptide production Science: polypeptide migration is essential for seed development",https://www.biofda.com/?p=2542,
,"Polypeptide production technology",https://www.biofda.com/?page_id=3724,
,"Polypeptide production The formulation and technology of polypeptide generic drugs",https://www.biofda.com/?p=2593,
,"Polypeptide research Protein A-gold Technology (PAG method)",https://www.biofda.com/?p=387,
,"Polypeptide research Protein sequence analysis and structure prediction",https://www.biofda.com/?p=392,
,"Polypeptide Research Renaturation of inclusion body expressed proteins",https://www.biofda.com/?p=478,
,"Polypeptide research Serum protein (serum protein) agarose gel electrophoresis",https://www.biofda.com/?p=464,
,"Polypeptide research Urea denaturates proteins",https://www.biofda.com/?p=462,
,"Polypeptide Service Process",https://www.biofda.com/?page_id=1897,
,"Polypeptide Suppliers Cyclopeptides in plant polypeptide family and their pharmaceutical research",https://www.biofda.com/?p=576,
,"Polypeptide Suppliers FDA certification",https://www.biofda.com/?p=692,
,"Polypeptide Suppliers Million Peptide Drugs Help Wuhan!",https://www.biofda.com/?p=494,
,"Polypeptide Suppliers Rapid growth of peptide drug market",https://www.biofda.com/?p=686,
,"Polypeptide Suppliers Shengnuo bio went to science and technology innovation board for IPO, with Lepu medical as the second largest shareholder",https://www.biofda.com/?p=693,
,"Polypeptide Suppliers Significantly improve the effect of reducing blood sugar and weight! Lilly GLP-1 receptor agonist trulicity (dulaglutide) high dose phase III clinical success!",https://www.biofda.com/?p=520,
,"Polypeptide Suppliers Who am I? What do I do?",https://www.biofda.com/?p=508,
,"Polypeptide Synthesis Key Equipment",https://www.biofda.com/?page_id=584,
,"Polypeptide vocabulary",https://www.biofda.com/?page_id=3733,
,"Popular polypeptide raw material products",https://www.biofda.com/?page_id=6259,
,"Popular science of polypeptide sequence writing",https://www.biofda.com/?p=4099,
,"Pramlintide Acetate",https://www.biofda.com/?page_id=5205,
,"Privacy policy",https://www.biofda.com/?page_id=491,
,"Product Inquire &#8211; Shengnuo Biotechnology",https://www.biofda.com/?page_id=2961,
,"PT141 Acetate",https://www.biofda.com/?page_id=5321,
,"Quality Control",https://www.biofda.com/?page_id=2964,
,"R &amp; D ratio of new shares of shengnuo biotechnology  is not lower",https://www.biofda.com/?p=4148,
,R&#038;D,https://www.biofda.com/?page_id=43,
,"Real case of polypeptide API ordering consultation",https://www.biofda.com/?page_id=5571,
,"Related Fields of Polypeptide APIs Therapy",https://www.biofda.com/?page_id=1974,
,"Research Peptide APIs for Regulatory Market",https://www.biofda.com/?page_id=848,
,"Research Peptide APIs for Regulatory Market&#8211;Peptide Bulk Drug",https://www.biofda.com/?page_id=1332,
,"Salcitonin Acetate",https://www.biofda.com/?page_id=5209,
,"Salcitonin Acetate",https://www.biofda.com/?page_id=5215,
,"Sales Manager",https://www.biofda.com/?page_id=49,
,"Science popularization of peptide synthesis peptide chain modification",https://www.biofda.com/?p=4089,
,"Secretin Acetate",https://www.biofda.com/?page_id=5232,
,Semaglutide,https://www.biofda.com/?page_id=1590,
,"Sermorelin Acetate",https://www.biofda.com/?page_id=5219,
,Service,https://www.biofda.com/?page_id=208,
,"Shengnuo Biology Its main business is peptide API and generic drug R &amp; D and sales. Six varieties have been activated by FDA",https://www.biofda.com/?p=5059,
,"Shengnuo Biotechnology    gallery",https://www.biofda.com/?page_id=2799,
,"Shengnuo biotechnology &#124; carry on the past and open up the future, bravely climb the summit and jointly create a better tomorrow for the enterprise",https://www.biofda.com/?p=6683,
,"Shengnuo biotechnology Bring customers professional one-stop cdmo services",https://www.biofda.com/?page_id=6149,
,"Shengnuo Biotechnology Company Atlas",https://www.biofda.com/?page_id=5409,
,"Shengnuo Biotechnology cooperative partner",https://www.biofda.com/?page_id=2818,
,"Shengnuo Biotechnology Honor",https://www.biofda.com/?page_id=1689,
,"Shengnuo Biotechnology introduce——China Polypeptide Manufacturers",https://www.biofda.com/?page_id=1815,
,"Shengnuo Biotechnology IPO: industrialization transformation of several first class peptide drugs",https://www.biofda.com/?p=6034,
,"Shengnuo Biotechnology market",https://www.biofda.com/?page_id=2795,
,"Shengnuo Biotechnology Qualifications and Awards",https://www.biofda.com/?page_id=1710,
,"Shengnuo Biotechnology The key test  polypeptide production equipment",https://www.biofda.com/?page_id=2624,
,"Shengnuo biotechnology visit to CMC Expo in Suzhou",https://www.biofda.com/?p=6139,
,"Shengnuo biotechnology, with one-stop cdmo service platform, will appear in the 2nd China CMC Expo 2020",https://www.biofda.com/?p=4743,
,"Shengnuo Biotechnology: there are more than 10 Minsheng securities in the 197th sci tech Innovation Board meeting this year",https://www.biofda.com/?p=6079,
,"Solid phase cyclization of heterocyclic peptides such as monosulfide cyclic peptide and unsaturated cyclic peptide",https://www.biofda.com/?p=5812,
,Somatostatin,https://www.biofda.com/?page_id=1567,
,"Somatostatin Acetate",https://www.biofda.com/?page_id=5223,
,"Summary of common problems in peptide purification. Why is trifluoroacetic acid added to the mobile phase?",https://www.biofda.com/?p=5047,
,Support,https://www.biofda.com/?page_id=41,
,Teduglutide,https://www.biofda.com/?page_id=1585,
,"Teriparatide Acetate",https://www.biofda.com/?page_id=1536,
,"Teriparatide Acetate",https://www.biofda.com/?page_id=5227,
,"Terlipressin Acetate",https://www.biofda.com/?page_id=5243,
,Testimonial,https://www.biofda.com/?page_id=210,
,"Tetracosactide Acetate",https://www.biofda.com/?page_id=5247,
,"Tetradecyl aminobutyroylvalylaminobutyric urea trifluoroacetate",https://www.biofda.com/?page_id=7250,
,Tetrapeptide-21,https://www.biofda.com/?page_id=7398,
,Tetrapeptide-23,https://www.biofda.com/?page_id=7299,
,Tetrapeptide-27,https://www.biofda.com/?page_id=7302,
,Tetrapeptide-30,https://www.biofda.com/?page_id=7368,
,Tetrapeptide-4,https://www.biofda.com/?page_id=7305,
,"Tetrapeptide-63 Acetate",https://www.biofda.com/?page_id=7308,
,"The 26th International Day of dementia",https://www.biofda.com/?p=6137,
,"The first API summit of China API summit successfully concluded and won 1.84 million industry attention!",https://www.biofda.com/?p=4133,
,"The gross profit rate has increased year by year in recent three years, and the sales expense rate is higher than the average value of comparable companies",https://www.biofda.com/?p=4151,
,"The purity of silica gel can affect the peak shape of peptide, especially when the concentration of ion pair reagent is low",https://www.biofda.com/?p=5824,
,"The results showed that the ultrafiltration membrane technology can effectively separate soybean peptides",https://www.biofda.com/?p=5044,
,"The second CMC Expo 2020, shengnuo biotechnology cdmo service platform dedicated to innovative services",https://www.biofda.com/?p=4746,
,"There are some problems in peptide medicine industry, such as research and development and technological innovation",https://www.biofda.com/?p=5041,
,"Thymalfasin for Injection",https://www.biofda.com/?page_id=160,
,Thymopentin,https://www.biofda.com/?page_id=1569,
,Thymopentin,https://www.biofda.com/?page_id=5251,
,"Thymopentin for Injection",https://www.biofda.com/?page_id=162,
,"Thymosin alpha1",https://www.biofda.com/?page_id=1551,
,"Thymosin α1 Acetate",https://www.biofda.com/?page_id=5255,
,"To provide the highest quality peptide products and best customer service for global customers",https://www.biofda.com/?page_id=5875,
,"Top rated peptide companies",https://www.biofda.com/?page_id=3209,
,"Towards a universal method for detection of Alzheimer&#039;s disease biomarkers based on amyloid beta peptide",https://www.biofda.com/?p=5746,
,"Trending Now: Global Carbetocin Injection Market Grow at Exceptional Rate During 2020 to 2026 -Chengdu Shengnuo Biotechnology",https://www.biofda.com/?page_id=3080,
,"Trifluoro Acetate",https://www.biofda.com/?page_id=5143,
,"Trifluoroacetyl tripeptide-2",https://www.biofda.com/?page_id=7520,
,Tripeptide-1,https://www.biofda.com/?page_id=7318,
,"Tripeptide-10 Citrulline",https://www.biofda.com/?page_id=7421,
,Tripeptide-2,https://www.biofda.com/?page_id=7418,
,Tripeptide-29,https://www.biofda.com/?page_id=7448,
,Tripeptide-32,https://www.biofda.com/?page_id=7415,
,"Triptorelin Acetate",https://www.biofda.com/?page_id=5259,
,"US-DMF List",https://www.biofda.com/?page_id=773,
,"US-DMF LIST-Polypeptide APIs",https://www.biofda.com/?page_id=1314,
,"used to treat irritable bowel syndrome with constipation and chronic constipation with no known cause Linaclotide",https://www.biofda.com/?page_id=2007,
,Video,https://www.biofda.com/?page_id=1133,
,"What is peptide synthesis",https://www.biofda.com/?p=4451,
,"What is peptide synthesis? How does peptide synthesis work",https://www.biofda.com/?p=4448,
,"what is polypeptide",https://www.biofda.com/?page_id=1912,
,"What is the market advantage of shengnuo biotechnology, a leading manufacturer of peptide drugs?",https://www.biofda.com/?p=5998,
,"What is the next breakthrough in the polypeptide market?",https://www.biofda.com/?p=5056,
,"What is the rapid development of peptide drug manufacturer shengnuo biotechnology?",https://www.biofda.com/?p=5951,
,"Why use peptides",https://www.biofda.com/?page_id=3486,
,"Ziconotide Acetate",https://www.biofda.com/?page_id=1544,
,"Ziconotide Acetate",https://www.biofda.com/?page_id=5263,
,"µconotoxin CnCIII",https://www.biofda.com/?page_id=7272,
